,Trip_Distance_km,Passenger_Count,Traffic_Conditions,Weather,Base_Fare,Per_Km_Rate,Per_Minute_Rate,Trip_Duration_Minutes,Trip_Price,Time_of_Day_Afternoon,Time_of_Day_Evening,Time_of_Day_Morning,Time_of_Day_Night,Day_of_Week_Weekday,Day_of_Week_Weekend
0,19.35,3,Low,Clear,3.56,0.8,0.32,53.82,36.2624,0,0,1,0,1,0
2,36.87,1,High,Clear,2.7,1.21,0.15,37.27,52.9032,0,1,0,0,0,1
5,8.64,2,Medium,Clear,2.55,1.71,0.48,89.33,60.2028,1,0,0,0,0,1
12,41.79,3,High,Clear,4.6,1.77,0.11,86.95,88.13279999999999,0,0,0,1,0,1
14,9.91,2,High,Clear,2.32,1.26,0.34,41.72,28.9914,0,1,0,0,1,0
15,9.99,4,High,Clear,4.33,0.85,0.43,34.0,27.4415,0,0,0,1,1,0
16,15.91,4,Low,Clear,4.42,1.77,0.21,114.93,56.716,0,0,1,0,1,0
17,26.71,4,Low,Rain,4.3,1.59,0.2,111.18,69.0049,1,0,0,0,0,1
20,30.98,1,Low,Rain,4.5,0.84,0.25,57.02,44.7782,1,0,0,0,0,1
22,105.94355003672597,2,Low,Rain,3.94,1.69,0.32,23.03,201.869509186128,0,0,0,1,0,1
23,18.95,1,Low,Clear,3.38,0.78,0.39,54.04,39.2366,0,0,0,1,1,0
27,138.09832791310237,4,Medium,Rain,2.24,1.75,0.32,94.86,280.87730155406564,0,1,0,0,0,1
29,3.28,2,Medium,Clear,2.88,1.76,0.2,78.04,24.260800000000003,0,1,0,0,1,0
30,30.77,1,Low,Clear,3.64,1.33,0.13,109.6,58.8121,0,0,1,0,1,0
31,9.36,1,Medium,Clear,2.4,1.85,0.15,7.07,20.7765,1,0,0,0,1,0
34,48.32,2,Low,Clear,2.49,0.61,0.44,67.25,61.5552,0,0,1,0,1,0
35,40.61,1,Low,Clear,2.31,0.88,0.38,42.25,54.1018,1,0,0,0,1,0
37,5.79,4,Low,Clear,4.63,1.83,0.24,107.07,40.9225,0,1,0,0,1,0
40,6.98,2,Low,Clear,2.32,0.78,0.18,72.37,20.791,1,0,0,0,0,1
41,25.26,2,High,Clear,3.95,1.71,0.12,82.53,57.0482,0,1,0,0,1,0
42,2.69,4,Low,Clear,4.6,1.95,0.34,97.49,42.9921,1,0,0,0,1,0
45,33.46,2,Low,Rain,2.23,0.63,0.12,64.07,30.9982,1,0,0,0,0,1
47,26.48,3,Medium,Clear,2.15,1.25,0.2,47.97,44.844,0,0,1,0,0,1
48,27.79,2,Low,Clear,2.77,0.72,0.43,49.63,44.1197,0,1,0,0,1,0
49,10.06,2,Medium,Rain,2.41,1.16,0.38,16.0,20.1596,0,0,1,0,1,0
51,38.98,3,Low,Clear,3.16,1.28,0.26,15.47,57.0766,1,0,0,0,1,0
53,44.85,1,Medium,Rain,3.83,0.51,0.29,52.52,41.9343,0,1,0,0,0,1
54,30.3,1,Low,Clear,4.5,1.64,0.35,51.65,72.2695,0,0,0,1,0,1
55,46.17,4,Medium,Clear,4.13,1.57,0.28,83.15,99.8989,1,0,0,0,1,0
58,3.22,3,Low,Rain,2.83,1.63,0.31,93.78,37.1504,1,0,0,0,1,0
59,16.94,3,Medium,Snow,3.92,1.93,0.42,100.24,78.715,1,0,0,0,1,0
61,14.3,3,High,Clear,4.99,0.99,0.37,108.2,59.181,0,0,0,1,1,0
63,18.48,4,Medium,Clear,2.84,1.37,0.39,106.41,69.6575,1,0,0,0,1,0
64,146.0670471598387,2,Medium,Clear,4.79,0.73,0.3,60.81,320.958663578238,1,0,0,0,1,0
65,27.59,1,Medium,Rain,2.07,1.03,0.46,67.33,61.459500000000006,0,1,0,0,0,1
66,7.91,4,Medium,Clear,4.09,1.55,0.47,110.69,68.3748,0,0,1,0,1,0
67,40.31,4,Medium,Clear,4.18,1.34,0.12,108.49,71.2142,0,0,1,0,1,0
70,38.84,2,Low,Clear,4.93,1.34,0.25,50.21,69.52810000000001,0,0,1,0,0,1
72,1.27,2,High,Clear,4.47,0.62,0.16,37.99,11.3358,0,0,1,0,1,0
74,35.64,1,High,Rain,3.94,0.62,0.1,104.02,36.4388,0,0,0,1,0,1
76,38.79,2,Low,Clear,3.95,1.88,0.33,82.93,104.2421,1,0,0,0,1,0
79,6.68,2,Medium,Clear,3.32,1.35,0.38,12.08,16.9284,0,0,0,1,0,1
80,43.29,1,Medium,Rain,2.12,1.82,0.37,36.05,94.2463,0,1,0,0,1,0
81,31.54,2,High,Clear,3.09,1.91,0.26,93.37,87.6076,0,0,1,0,1,0
82,17.21,2,Low,Rain,4.48,1.61,0.1,106.78,42.8661,1,0,0,0,1,0
83,4.11,2,High,Rain,4.1,0.63,0.15,30.48,11.2613,0,1,0,0,0,1
85,16.93,4,Low,Snow,2.17,1.12,0.37,59.09,42.9949,1,0,0,0,1,0
86,36.75,2,Medium,Clear,3.28,1.21,0.27,105.46,76.2217,1,0,0,0,1,0
88,44.47,1,Low,Clear,4.79,0.79,0.31,64.0,59.761300000000006,0,0,0,1,0,1
90,6.86,2,High,Clear,2.93,1.18,0.18,102.45,29.4658,0,0,0,1,0,1
91,35.95,4,Low,Clear,3.58,0.95,0.44,6.1,40.4165,1,0,0,0,0,1
93,28.5,1,Medium,Clear,4.92,1.78,0.46,109.33,105.9418,1,0,0,0,1,0
96,26.61,4,Low,Rain,3.07,0.68,0.18,65.91,33.0286,0,0,1,0,1,0
97,21.95,3,Medium,Clear,4.05,0.88,0.1,44.99,27.865,0,0,1,0,1,0
101,32.18,2,Medium,Rain,2.95,1.39,0.17,87.13,62.4923,0,0,0,1,1,0
103,25.92,3,Low,Clear,3.97,1.71,0.46,22.79,58.7766,0,0,0,1,1,0
104,45.47,4,Low,Rain,2.12,1.28,0.23,56.93,73.4155,0,0,0,1,0,1
105,13.22,2,Low,Rain,3.79,0.68,0.37,51.92,31.99,0,0,1,0,1,0
106,21.11,4,High,Rain,4.61,0.69,0.18,84.06,34.3067,1,0,0,0,0,1
108,112.8309582902826,2,High,Snow,3.35,1.9,0.23,78.63,233.00828520738887,1,0,0,0,1,0
110,102.74755620694734,2,Medium,Clear,2.23,1.8,0.23,53.09,274.53508679715014,0,1,0,0,1,0
112,46.56,3,Low,Clear,4.46,0.87,0.46,119.21,99.8038,0,0,1,0,1,0
113,40.6,3,Medium,Clear,2.73,0.55,0.26,17.2,29.532000000000004,1,0,0,0,0,1
114,32.04,3,Low,Clear,3.26,0.65,0.2,31.8,30.446,1,0,0,0,1,0
117,10.14,3,High,Rain,2.73,1.06,0.4,16.24,19.974400000000003,0,1,0,0,1,0
119,27.43,4,Low,Rain,2.58,1.59,0.28,23.53,52.7821,0,0,1,0,0,1
120,40.56,3,Medium,Rain,2.31,0.67,0.44,119.54,82.0828,0,1,0,0,0,1
121,44.91,1,Low,Rain,4.73,1.11,0.33,25.7,63.0611,0,0,0,1,1,0
123,6.39,4,High,Clear,4.28,1.31,0.38,102.57,51.6275,0,1,0,0,1,0
124,12.17,4,Low,Rain,2.15,1.73,0.31,7.35,25.4826,1,0,0,0,0,1
129,26.03,2,Medium,Clear,2.27,1.55,0.4,83.98,76.20850000000002,0,0,1,0,1,0
130,21.45,2,Medium,Clear,4.27,1.12,0.3,82.54,53.056,0,1,0,0,1,0
132,6.87,2,Medium,Rain,2.56,1.5,0.23,9.0,14.935,0,0,1,0,1,0
133,17.54,2,Low,Rain,2.56,1.29,0.49,52.06,50.696,0,0,1,0,1,0
135,16.84,2,Medium,Snow,2.17,1.01,0.12,98.03,30.942000000000004,0,0,1,0,0,1
136,26.42,3,High,Clear,3.76,1.86,0.23,97.04,75.22040000000001,0,1,0,0,1,0
138,18.82,2,Low,Rain,2.05,0.63,0.12,74.75,22.8766,1,0,0,0,1,0
139,48.62,1,Low,Rain,2.15,1.17,0.11,74.49,67.2293,1,0,0,0,0,1
141,109.61608204688008,4,High,Clear,4.46,1.69,0.23,53.88,327.21766546350466,1,0,0,0,1,0
144,14.96,1,Medium,Rain,3.79,0.9,0.17,66.66,28.5862,0,0,1,0,1,0
145,2.81,3,Low,Rain,2.82,1.12,0.38,56.65,27.4942,0,1,0,0,0,1
146,30.87,4,Medium,Clear,2.08,1.85,0.31,55.61,76.4286,0,1,0,0,1,0
148,3.52,4,Medium,Rain,3.88,1.53,0.23,87.64,29.4228,0,1,0,0,1,0
150,45.51,1,Medium,Clear,4.23,0.63,0.13,27.65,36.4958,0,1,0,0,1,0
151,12.74,4,Low,Rain,4.03,1.8,0.16,52.47,35.357200000000006,0,1,0,0,1,0
152,8.1,1,High,Clear,2.62,0.98,0.13,31.19,14.6127,1,0,0,0,0,1
153,24.98,3,Low,Rain,3.06,0.77,0.42,72.14,52.5934,1,0,0,0,0,1
154,49.3,2,Low,Clear,2.38,0.86,0.4,47.72,63.866,1,0,0,0,1,0
155,12.86,1,Low,Clear,2.39,1.13,0.4,56.62,39.5698,0,1,0,0,1,0
157,38.32,1,Medium,Clear,4.58,0.98,0.37,28.41,52.6453,0,1,0,0,1,0
160,19.02,2,Medium,Clear,2.55,1.36,0.12,54.88,35.0028,0,1,0,0,1,0
164,5.42,3,Medium,Rain,3.85,1.84,0.24,68.73,30.318,0,0,1,0,1,0
165,41.93,4,Medium,Rain,4.34,1.64,0.21,69.27,87.6519,0,1,0,0,0,1
168,3.0,2,Low,Clear,2.17,0.73,0.45,34.01,19.6645,0,0,1,0,1,0
169,29.95,2,Medium,Clear,4.24,0.7,0.24,98.23,48.7802,0,0,1,0,1,0
171,1.81,1,Low,Rain,2.86,1.71,0.32,20.63,12.5567,0,0,0,1,1,0
176,34.86,4,Low,Clear,3.74,1.45,0.4,21.52,62.895,0,1,0,0,1,0
180,17.71,4,Medium,Clear,2.71,1.48,0.48,6.06,31.829600000000003,0,0,0,1,1,0
181,6.56,3,Low,Clear,3.48,0.85,0.31,97.94,39.4174,1,0,0,0,1,0
183,43.99,2,Low,Clear,2.64,0.96,0.29,74.71,66.5363,0,0,0,1,1,0
184,13.64,4,Medium,Rain,2.43,1.54,0.14,43.75,29.5606,0,0,1,0,1,0
185,33.34,1,Medium,Clear,4.28,0.52,0.41,72.33,51.2721,0,0,0,1,0,1
186,41.04,1,High,Clear,3.5,1.06,0.4,41.3,63.522400000000005,1,0,0,0,0,1
187,28.2,2,Low,Clear,4.74,1.03,0.22,15.0,37.086,0,0,1,0,0,1
194,17.61,1,Low,Clear,4.26,1.34,0.47,64.68,58.257000000000005,0,0,1,0,1,0
198,44.47,2,High,Clear,4.95,1.71,0.24,59.18,95.1969,0,1,0,0,1,0
199,39.21,2,Low,Snow,2.88,0.94,0.21,70.94,54.6348,0,0,1,0,1,0
202,8.92,3,Low,Clear,3.69,1.07,0.36,42.14,28.4048,0,0,1,0,1,0
203,45.03,1,High,Clear,2.76,0.95,0.24,32.28,53.2857,1,0,0,0,1,0
206,5.97,4,Medium,Rain,4.69,1.89,0.32,90.57,44.95569999999999,1,0,0,0,1,0
209,8.88,4,High,Clear,4.72,1.85,0.44,88.21,59.96039999999999,0,0,0,1,0,1
211,34.9,3,Medium,Clear,4.9,0.85,0.25,38.29,44.1375,1,0,0,0,0,1
216,16.94,4,Low,Clear,2.56,0.63,0.19,65.42,25.662,0,0,1,0,0,1
217,37.58,4,Low,Snow,2.91,1.16,0.47,84.52,86.22719999999998,1,0,0,0,1,0
219,42.61,3,Low,Rain,2.43,0.94,0.49,62.01,72.86829999999999,0,0,1,0,1,0
220,33.22,1,Low,Clear,2.31,1.66,0.32,41.02,70.5816,0,0,0,1,0,1
225,130.80900130744172,1,High,Clear,3.93,0.63,0.16,88.31,328.8717691378544,1,0,0,0,1,0
226,48.68,4,Low,Rain,2.59,1.01,0.14,51.44,58.9584,1,0,0,0,1,0
227,20.26,3,Low,Rain,2.29,0.63,0.27,29.7,23.0728,0,0,1,0,1,0
229,31.93,1,Medium,Clear,4.77,1.71,0.32,37.67,71.4247,1,0,0,0,1,0
230,39.95,3,Low,Clear,4.46,1.19,0.31,25.25,59.828,0,1,0,0,0,1
232,29.27,4,Medium,Rain,3.97,1.9,0.1,33.99,62.982,0,0,1,0,0,1
233,25.13,4,Medium,Rain,3.61,1.02,0.42,57.23,53.2792,0,0,1,0,0,1
236,14.76,3,Medium,Clear,3.89,1.92,0.47,49.98,55.71979999999999,0,1,0,0,0,1
237,2.19,1,Medium,Clear,2.8,0.51,0.18,14.2,6.472899999999999,1,0,0,0,1,0
238,32.63,1,Medium,Clear,2.12,0.86,0.37,15.33,35.8539,0,0,0,1,1,0
240,47.08,1,High,Rain,4.67,0.76,0.34,73.93,65.587,0,1,0,0,0,1
241,47.74,3,High,Clear,3.71,0.67,0.17,53.16,44.733,0,1,0,0,1,0
242,45.83,4,Medium,Clear,4.5,1.36,0.39,54.66,88.1462,0,1,0,0,1,0
243,19.14,2,Low,Snow,4.97,1.79,0.22,11.2,41.6946,0,1,0,0,0,1
245,46.49,3,Low,Clear,4.08,1.99,0.34,63.05,118.0321,1,0,0,0,1,0
246,21.98,1,Medium,Clear,4.02,1.52,0.17,22.2,41.2036,0,0,1,0,1,0
248,48.22,3,Medium,Clear,4.96,1.99,0.22,19.21,105.144,0,0,0,1,1,0
250,15.43,2,High,Clear,2.73,0.93,0.16,75.12,29.0991,0,1,0,0,1,0
253,16.53,4,Medium,Clear,4.34,0.63,0.27,24.96,21.4931,0,0,1,0,0,1
254,9.31,2,Low,Rain,4.73,0.5,0.2,115.15,32.415000000000006,1,0,0,0,0,1
255,28.28,2,Low,Rain,3.15,1.17,0.4,103.28,77.5496,1,0,0,0,1,0
256,46.87,4,Low,Clear,3.89,1.76,0.2,31.51,92.6832,0,0,1,0,1,0
257,35.11,3,Low,Rain,3.29,1.36,0.45,42.67,70.2411,1,0,0,0,1,0
258,28.93,2,Medium,Clear,3.31,2.0,0.46,29.14,74.5744,0,0,1,0,1,0
259,5.76,2,High,Snow,2.93,0.93,0.18,61.57,19.3694,1,0,0,0,1,0
265,37.3,3,Low,Snow,4.21,1.86,0.35,97.47,107.7025,0,0,1,0,1,0
267,116.196063616616,4,Medium,Clear,2.2,0.85,0.25,19.63,206.69956969976877,1,0,0,0,0,1
268,139.06223019422194,2,Low,Rain,2.8,1.82,0.14,50.83,276.84059674137075,1,0,0,0,1,0
270,40.66,2,Medium,Clear,3.9,0.67,0.3,34.29,41.4292,1,0,0,0,1,0
272,43.49,1,Low,Clear,2.77,1.45,0.2,68.97,79.6245,0,1,0,0,1,0
273,45.75,3,Medium,Rain,4.16,0.75,0.23,52.31,50.5038,0,0,1,0,1,0
277,32.85,4,Medium,Clear,2.44,1.18,0.42,31.52,54.4414,0,0,0,1,1,0
279,39.99,2,High,Clear,2.71,0.58,0.31,43.98,39.538,1,0,0,0,1,0
281,17.56,1,Low,Clear,3.22,1.22,0.11,103.66,36.0458,0,1,0,0,1,0
284,29.34,2,High,Clear,2.05,1.59,0.48,70.14,82.3678,1,0,0,0,1,0
286,23.81,1,Medium,Rain,2.81,1.91,0.24,62.02,63.1719,0,0,1,0,0,1
288,15.04,1,Low,Clear,5.0,1.78,0.11,15.09,33.4311,0,0,1,0,1,0
289,29.95,4,High,Clear,2.63,1.33,0.33,81.84,69.47070000000001,0,0,1,0,1,0
291,2.83,1,Low,Snow,3.99,0.96,0.19,11.65,8.920300000000001,0,0,1,0,1,0
293,18.65,1,Medium,Clear,4.75,0.98,0.36,87.41,54.49459999999999,1,0,0,0,1,0
294,7.23,1,Low,Clear,3.51,1.2,0.39,55.29,33.7491,0,1,0,0,1,0
295,26.59,2,Medium,Clear,4.39,0.93,0.1,51.41,34.2597,0,0,1,0,1,0
297,11.58,3,Low,Rain,4.93,0.97,0.17,63.28,26.9202,0,0,1,0,1,0
299,5.18,2,Medium,Clear,2.49,1.29,0.21,59.81,21.7323,0,1,0,0,1,0
300,3.53,1,Low,Clear,2.9,0.59,0.12,92.82,16.1211,0,0,1,0,0,1
302,145.74705994904548,3,High,Rain,2.82,0.83,0.49,60.29,325.0989498083767,0,0,1,0,1,0
303,32.23,3,High,Clear,4.45,1.2,0.23,119.08,70.5144,1,0,0,0,1,0
305,48.82,2,High,Clear,2.27,1.7,0.14,101.76,99.5104,0,1,0,0,1,0
306,26.3,2,Medium,Clear,3.03,1.61,0.39,52.71,65.9299,0,1,0,0,1,0
307,16.82,4,Low,Snow,4.94,1.14,0.44,93.3,65.1668,0,1,0,0,1,0
308,39.96,4,Low,Clear,3.89,1.0,0.2,9.66,45.782,1,0,0,0,1,0
312,2.24,1,Low,Clear,4.46,0.52,0.14,102.26,19.9412,1,0,0,0,1,0
314,41.96,4,Low,Rain,2.21,1.22,0.19,80.28,68.65440000000001,1,0,0,0,0,1
316,21.04,2,Low,Rain,2.36,0.85,0.2,72.41,34.726,1,0,0,0,1,0
318,8.67,2,High,Rain,4.79,1.79,0.46,71.36,53.1349,0,0,1,0,1,0
319,13.26,4,Medium,Clear,3.49,1.56,0.33,44.36,38.814400000000006,0,0,1,0,1,0
322,33.35,1,High,Clear,4.13,1.96,0.26,19.63,74.59979999999999,0,1,0,0,1,0
330,18.44,2,Low,Rain,4.99,1.9,0.18,44.45,48.027,1,0,0,0,1,0
332,1.71,4,High,Clear,4.45,1.27,0.18,87.85,22.4347,0,0,1,0,1,0
335,3.0,1,Low,Clear,3.79,0.73,0.28,9.82,8.729600000000001,1,0,0,0,1,0
336,42.92,3,High,Clear,4.66,1.05,0.34,62.85,71.095,0,0,1,0,1,0
337,35.48,3,Low,Clear,3.23,1.43,0.38,72.19,81.39859999999999,1,0,0,0,1,0
338,116.66768073006573,2,High,Clear,3.81,0.74,0.25,110.82,248.29520891209057,0,0,1,0,1,0
339,5.79,2,Medium,Clear,3.89,1.95,0.45,10.65,19.973,0,0,1,0,1,0
340,25.09,2,Medium,Snow,3.25,1.87,0.33,70.95,73.5818,0,0,1,0,0,1
341,24.2,1,Low,Snow,2.43,0.75,0.28,103.17,49.4676,1,0,0,0,1,0
342,9.49,1,Medium,Clear,2.28,0.68,0.13,32.82,12.9998,0,1,0,0,1,0
345,31.18,1,Medium,Clear,2.71,0.79,0.35,89.23,58.5727,1,0,0,0,1,0
346,32.12,4,High,Rain,2.63,1.12,0.43,112.31,86.89770000000001,1,0,0,0,1,0
347,3.22,1,Medium,Clear,4.21,1.17,0.3,80.58,32.151399999999995,1,0,0,0,1,0
348,19.36,1,Medium,Rain,2.96,1.4,0.15,55.49,38.3875,0,0,0,1,1,0
350,25.65,2,Medium,Snow,2.49,0.84,0.22,110.81,48.4142,0,1,0,0,1,0
351,42.97,4,Low,Clear,4.88,1.9,0.38,59.08,108.9734,1,0,0,0,0,1
354,4.46,3,Medium,Clear,3.22,0.53,0.3,60.41,23.7068,1,0,0,0,0,1
355,32.48,3,Low,Clear,4.29,0.99,0.27,19.3,41.65619999999999,0,1,0,0,1,0
358,47.07,4,Medium,Rain,2.06,1.86,0.15,71.04,100.2662,0,0,1,0,1,0
359,29.2,3,High,Rain,3.76,1.45,0.18,76.53,59.87539999999999,1,0,0,0,1,0
360,20.02,3,High,Clear,3.37,0.61,0.12,63.16,23.1614,0,0,0,1,1,0
361,32.52,4,Medium,Rain,3.55,1.86,0.18,98.97,81.85180000000001,0,0,1,0,1,0
364,47.13,4,Low,Clear,4.15,1.3,0.23,6.47,66.90710000000001,0,1,0,0,1,0
365,19.92,4,Low,Clear,3.33,0.96,0.49,84.95,64.0787,0,0,1,0,1,0
367,45.36,3,Medium,Clear,2.7,0.77,0.24,70.04,54.436800000000005,0,0,0,1,1,0
369,4.4,2,Low,Rain,3.77,1.94,0.1,45.28,16.834,0,0,1,0,0,1
370,5.94,3,Low,Clear,2.63,1.25,0.44,110.47,58.6618,0,0,0,1,1,0
371,1.89,1,Low,Clear,2.71,0.62,0.11,20.41,6.1269,0,0,1,0,0,1
373,34.47,1,High,Clear,4.49,1.01,0.46,5.5,41.834700000000005,1,0,0,0,1,0
374,4.49,3,Low,Clear,3.25,1.78,0.31,111.33,45.75449999999999,0,0,1,0,1,0
377,2.14,4,High,Clear,4.01,0.79,0.25,43.3,16.525599999999997,1,0,0,0,0,1
379,14.81,1,Low,Rain,3.46,0.9,0.12,29.64,20.3458,1,0,0,0,0,1
380,6.79,3,Medium,Clear,2.61,1.65,0.12,72.29,22.4883,0,0,1,0,0,1
381,35.14,2,Medium,Clear,3.88,0.81,0.28,55.94,48.006600000000006,1,0,0,0,0,1
383,44.0,3,Low,Clear,4.99,1.2,0.46,41.76,76.9996,0,0,1,0,1,0
385,40.37,1,High,Rain,3.46,1.9,0.43,84.32,116.42059999999998,1,0,0,0,1,0
386,14.82,4,High,Clear,3.7,0.81,0.18,88.36,31.609,0,1,0,0,1,0
387,9.69,2,Medium,Clear,4.75,1.04,0.26,85.28,37.0004,0,0,1,0,1,0
388,37.78,2,Medium,Clear,4.4,0.72,0.23,40.76,40.9764,0,0,0,1,0,1
389,40.53,1,Medium,Clear,3.35,1.26,0.26,16.46,58.6974,1,0,0,0,1,0
390,49.53,2,Medium,Clear,4.16,1.19,0.16,36.33,68.9135,0,0,1,0,1,0
391,21.22,2,Medium,Clear,3.76,1.85,0.3,100.66,73.21499999999999,0,0,1,0,1,0
392,19.23,3,Medium,Clear,3.48,1.9,0.42,117.75,89.472,0,0,1,0,1,0
394,17.7,1,Medium,Clear,3.39,1.24,0.3,6.12,27.174,1,0,0,0,0,1
395,46.61,1,High,Clear,2.74,1.84,0.44,21.11,97.7908,0,1,0,0,1,0
399,37.97,2,High,Rain,3.6,1.13,0.45,113.49,97.57659999999998,0,1,0,0,1,0
400,6.05,3,Medium,Clear,3.89,0.84,0.33,46.98,24.4754,0,0,1,0,1,0
402,25.76,3,High,Clear,2.39,0.56,0.21,94.76,36.7152,0,0,1,0,1,0
403,41.5,3,Low,Clear,3.13,1.47,0.42,91.88,102.72459999999998,0,1,0,0,1,0
405,44.88,1,Medium,Clear,3.87,0.58,0.5,77.08,68.4404,1,0,0,0,1,0
406,20.07,2,Medium,Snow,3.34,0.85,0.15,78.37,32.155,0,1,0,0,1,0
411,47.55,4,Low,Clear,4.78,1.97,0.27,94.35,123.928,0,0,1,0,1,0
412,47.58,3,Low,Clear,4.13,0.8,0.31,105.33,74.8463,0,0,1,0,1,0
413,29.1,4,High,Clear,3.26,0.82,0.12,29.8,30.698,0,0,1,0,1,0
415,22.97,2,Low,Rain,2.25,0.76,0.2,60.53,31.8132,0,0,0,1,0,1
422,5.47,1,Medium,Clear,2.52,0.82,0.17,75.75,19.8829,0,0,1,0,0,1
423,25.23,3,Low,Rain,3.94,1.35,0.13,100.22,51.0291,0,0,1,0,1,0
425,27.93,4,Low,Clear,4.15,0.56,0.2,73.35,34.4608,0,0,0,1,0,1
427,44.5,4,Medium,Clear,4.02,1.47,0.45,23.88,80.18099999999998,0,0,0,1,0,1
429,6.74,4,Low,Rain,4.68,1.46,0.17,117.71,34.5311,0,1,0,0,0,1
431,38.31,1,Low,Clear,2.99,0.64,0.41,31.15,40.2799,1,0,0,0,0,1
432,31.29,1,Medium,Snow,2.74,1.14,0.34,24.7,46.8086,1,0,0,0,0,1
434,5.12,4,Low,Clear,3.17,1.92,0.21,75.09,28.7693,0,0,1,0,0,1
435,35.35,1,Medium,Clear,4.2,1.21,0.15,79.01,58.825,0,0,1,0,1,0
437,41.27,1,Low,Clear,2.64,1.65,0.33,107.76,106.2963,0,1,0,0,1,0
440,5.16,2,Medium,Clear,3.23,1.72,0.25,58.17,26.6477,0,0,0,1,1,0
445,47.42,2,Low,Rain,3.02,1.64,0.16,104.35,97.4848,0,0,1,0,1,0
447,37.92,2,Medium,Rain,2.02,0.84,0.39,112.04,77.56840000000001,0,1,0,0,1,0
452,21.79,2,High,Clear,4.37,1.17,0.34,5.61,31.7717,0,1,0,0,1,0
453,45.41,2,Low,Clear,3.85,0.51,0.12,69.95,35.4031,1,0,0,0,1,0
454,6.45,2,Low,Clear,2.13,1.73,0.46,44.01,33.5331,0,0,1,0,1,0
455,25.14,3,High,Rain,3.87,1.04,0.31,42.11,43.069700000000005,0,0,0,1,1,0
456,1.56,4,High,Clear,2.93,1.31,0.37,79.16,34.2628,1,0,0,0,1,0
463,29.59,3,Medium,Rain,4.32,1.46,0.29,6.34,49.36,1,0,0,0,1,0
464,48.15,2,Low,Clear,3.45,0.95,0.34,69.03,72.6627,0,0,0,1,1,0
465,19.37,3,Medium,Clear,4.69,0.69,0.11,81.08,26.9741,0,0,1,0,1,0
466,15.0,3,Low,Snow,4.72,1.76,0.21,73.07,46.46469999999999,0,0,0,1,1,0
467,43.56,3,Low,Rain,2.26,1.04,0.11,89.67,57.426100000000005,1,0,0,0,1,0
468,11.96,2,Medium,Snow,4.81,1.49,0.27,70.7,41.71940000000001,0,1,0,0,1,0
472,3.11,3,Low,Clear,4.42,0.59,0.16,36.62,12.1141,0,1,0,0,0,1
473,44.67,2,Medium,Rain,4.55,1.12,0.46,14.16,61.09400000000001,1,0,0,0,0,1
474,26.86,4,Low,Clear,2.87,1.32,0.31,54.4,55.1892,1,0,0,0,1,0
475,49.66,4,High,Clear,4.86,1.15,0.16,68.75,72.969,1,0,0,0,0,1
478,48.5,1,Low,Clear,3.61,1.66,0.39,79.03,114.9417,0,1,0,0,1,0
479,26.63,1,Medium,Clear,3.73,0.56,0.38,43.27,35.08540000000001,1,0,0,0,0,1
480,31.84,3,High,Snow,3.94,0.79,0.18,91.81,45.6194,0,1,0,0,1,0
481,107.78683195771164,1,High,Clear,2.05,1.3,0.18,79.6,322.7259960920446,0,0,1,0,0,1
482,23.27,2,Low,Clear,4.88,1.9,0.38,78.31,78.85079999999999,1,0,0,0,0,1
484,29.63,3,High,Clear,2.43,1.76,0.28,6.31,56.345600000000005,1,0,0,0,1,0
486,3.23,2,Low,Rain,3.7,1.14,0.41,48.24,27.1606,1,0,0,0,1,0
487,14.77,4,Medium,Clear,4.8,1.21,0.28,113.4,54.42370000000001,1,0,0,0,0,1
491,31.39,1,Low,Clear,3.63,0.86,0.19,28.43,36.0271,1,0,0,0,1,0
494,23.72,3,Medium,Clear,2.22,1.89,0.15,39.05,52.9083,1,0,0,0,1,0
495,18.31,1,Medium,Rain,4.05,1.37,0.21,64.22,42.6209,1,0,0,0,1,0
496,29.6,2,Low,Clear,3.51,1.5,0.18,24.02,52.2336,1,0,0,0,1,0
497,4.81,1,Low,Clear,4.3,1.87,0.28,117.44,46.1779,1,0,0,0,0,1
498,48.75,2,Medium,Rain,3.46,1.02,0.46,17.41,61.1936,1,0,0,0,0,1
499,49.32,1,Low,Clear,2.45,1.43,0.14,112.17,88.6814,0,1,0,0,1,0
500,35.21,4,Medium,Clear,3.94,0.56,0.39,110.06,66.581,1,0,0,0,0,1
501,27.27,3,High,Clear,2.52,0.78,0.37,65.42,47.996,1,0,0,0,0,1
505,8.97,1,Low,Clear,4.89,1.07,0.25,44.17,25.5304,1,0,0,0,1,0
510,31.06,4,Low,Clear,4.41,0.88,0.44,37.97,48.4496,0,1,0,0,1,0
511,21.49,4,Low,Rain,4.45,1.71,0.28,47.2,54.4139,0,1,0,0,0,1
513,43.44,1,Low,Clear,3.51,0.79,0.19,11.01,39.9195,0,0,1,0,1,0
515,2.29,1,Low,Clear,4.26,1.8,0.41,13.54,13.9334,0,0,1,0,0,1
516,19.45,1,High,Clear,2.4,0.86,0.29,16.93,24.0367,1,0,0,0,1,0
517,40.72,2,High,Clear,3.64,0.62,0.35,98.49,63.3579,0,1,0,0,1,0
518,49.38,1,Low,Clear,3.64,1.03,0.28,9.47,57.153000000000006,0,0,1,0,1,0
520,30.11,3,Medium,Clear,3.25,1.33,0.3,36.34,54.1983,0,0,1,0,1,0
521,19.66,2,Low,Clear,4.56,1.73,0.44,105.23,84.873,0,0,0,1,1,0
523,42.26,3,High,Rain,2.3,1.69,0.26,40.14,84.1558,0,0,1,0,1,0
524,42.08,1,Medium,Rain,2.27,1.41,0.19,64.53,73.86349999999999,1,0,0,0,0,1
525,23.97,1,High,Clear,2.79,1.24,0.26,48.93,45.2346,0,0,1,0,1,0
526,21.33,1,Low,Clear,4.62,0.56,0.43,69.89,46.61750000000001,0,0,1,0,1,0
527,14.4,2,Low,Clear,2.39,1.98,0.19,18.17,34.3543,1,0,0,0,0,1
529,43.37,3,Low,Clear,2.3,0.73,0.42,53.94,56.61489999999999,1,0,0,0,0,1
530,40.83,1,Medium,Clear,3.87,1.5,0.24,45.05,75.92699999999999,1,0,0,0,1,0
531,49.99,3,Low,Clear,3.07,0.93,0.36,86.67,80.7619,1,0,0,0,0,1
532,139.476514583775,1,Low,Clear,4.37,1.38,0.2,46.85,296.0886973121837,0,1,0,0,1,0
533,28.22,3,High,Clear,2.7,1.38,0.14,100.83,55.7598,0,0,1,0,1,0
535,47.29,1,High,Clear,2.71,1.75,0.14,87.75,97.75249999999998,0,0,1,0,0,1
537,13.12,3,Medium,Snow,4.62,1.17,0.44,102.3,64.9824,1,0,0,0,1,0
538,23.08,4,Medium,Rain,2.38,1.31,0.24,89.61,54.1212,0,0,1,0,0,1
539,7.33,2,Medium,Rain,4.6,1.5,0.49,29.35,29.9765,1,0,0,0,0,1
541,30.7,4,Low,Clear,2.38,1.09,0.21,41.37,44.5307,0,0,1,0,0,1
542,12.2,1,Medium,Clear,3.28,1.47,0.12,117.25,35.284,1,0,0,0,0,1
543,33.91,2,Medium,Clear,2.48,0.73,0.38,34.54,40.3595,0,0,1,0,1,0
546,6.56,4,Low,Clear,2.32,1.59,0.38,50.68,32.0088,0,1,0,0,1,0
548,26.5,1,High,Clear,4.44,0.81,0.45,114.61,77.4795,0,0,1,0,1,0
550,26.49,1,High,Clear,3.54,1.82,0.15,99.2,66.6318,0,0,0,1,1,0
551,42.76,2,Medium,Rain,4.85,1.29,0.17,67.92,71.5568,1,0,0,0,1,0
552,28.04,4,High,Clear,3.61,1.89,0.48,9.69,61.2568,0,1,0,0,0,1
556,7.57,3,High,Clear,3.42,1.7,0.23,103.8,40.163,1,0,0,0,1,0
560,35.5,2,Low,Rain,3.21,1.91,0.35,111.09,109.89649999999996,1,0,0,0,0,1
561,11.44,1,Low,Rain,3.0,1.28,0.2,103.06,38.2552,0,0,1,0,0,1
562,7.68,3,Medium,Clear,3.48,1.52,0.48,94.11,60.32639999999999,0,1,0,0,1,0
564,18.18,2,High,Rain,2.72,0.7,0.49,63.0,46.316,0,1,0,0,1,0
568,45.3,3,Medium,Rain,2.32,0.73,0.28,8.51,37.7718,1,0,0,0,0,1
569,18.06,3,High,Clear,2.72,0.77,0.33,20.16,23.279,1,0,0,0,0,1
572,20.43,2,Medium,Clear,2.51,1.43,0.39,53.63,52.6406,0,1,0,0,1,0
574,43.26,4,Medium,Snow,2.92,1.26,0.43,47.55,77.8741,0,0,1,0,1,0
576,8.21,3,Medium,Clear,2.97,1.36,0.34,95.18,46.49680000000001,0,0,1,0,0,1
577,46.4,4,Low,Clear,3.63,1.46,0.33,92.78,101.9914,1,0,0,0,1,0
578,25.11,4,Medium,Clear,3.66,1.34,0.25,88.1,59.3324,1,0,0,0,1,0
580,23.5,4,Medium,Clear,3.34,1.0,0.23,43.87,36.9301,0,0,1,0,1,0
581,49.02,4,Low,Clear,4.9,1.65,0.16,59.03,95.2278,1,0,0,0,0,1
582,25.14,2,Medium,Rain,3.13,1.15,0.19,43.04,40.2186,1,0,0,0,1,0
587,7.32,4,Medium,Clear,2.62,1.43,0.39,117.69,58.9867,1,0,0,0,1,0
589,8.44,3,Low,Clear,2.06,0.63,0.45,75.4,41.30720000000001,0,1,0,0,0,1
591,32.4,4,Low,Clear,4.33,1.88,0.28,13.17,68.9296,0,0,0,1,0,1
592,9.91,1,Medium,Rain,3.02,1.53,0.33,61.11,38.348600000000005,0,0,1,0,1,0
593,17.94,1,High,Clear,3.69,0.69,0.49,85.75,58.0861,0,0,1,0,1,0
594,44.94,1,Low,Clear,2.61,1.04,0.31,64.02,69.1938,0,1,0,0,1,0
597,9.44,1,Low,Clear,4.56,0.57,0.18,14.92,12.6264,0,0,1,0,1,0
599,3.0,2,Low,Clear,4.62,1.83,0.33,48.49,26.111700000000003,0,1,0,0,1,0
600,9.28,3,Medium,Clear,3.06,0.51,0.43,71.29,38.447500000000005,0,0,1,0,1,0
601,14.65,4,Medium,Clear,4.17,0.8,0.5,96.08,63.93,1,0,0,0,1,0
602,9.67,4,Medium,Clear,2.96,1.94,0.26,42.3,32.7178,0,0,1,0,0,1
604,6.91,3,Low,Clear,2.38,0.89,0.42,20.57,17.1693,0,0,1,0,1,0
605,23.58,2,Medium,Clear,2.54,0.6,0.34,38.5,29.778,1,0,0,0,1,0
609,34.83,3,Medium,Snow,4.83,1.12,0.41,87.5,79.71459999999999,1,0,0,0,1,0
610,2.93,2,Medium,Snow,4.93,1.58,0.3,113.48,43.60339999999999,0,1,0,0,0,1
611,40.17,2,Medium,Rain,3.13,1.88,0.22,65.69,93.1014,1,0,0,0,1,0
612,31.77,4,Low,Clear,4.77,1.11,0.49,67.1,72.9137,1,0,0,0,1,0
613,5.01,4,Low,Rain,3.63,0.79,0.37,58.02,29.055300000000003,1,0,0,0,0,1
614,43.81,3,Medium,Clear,2.81,1.28,0.26,42.48,69.9316,1,0,0,0,1,0
615,46.12,3,Low,Clear,4.11,1.86,0.21,59.7,102.4302,1,0,0,0,1,0
616,138.76388715029725,2,High,Clear,3.98,1.71,0.39,74.32,332.0436886774302,0,0,0,1,1,0
619,37.66,4,Medium,Clear,4.02,1.36,0.31,104.15,87.5241,0,1,0,0,1,0
622,19.15,2,Medium,Clear,2.01,1.3,0.15,80.61,38.9965,1,0,0,0,1,0
623,24.74,3,High,Clear,5.0,1.82,0.36,107.93,88.8816,0,0,0,1,0,1
625,19.08,4,Medium,Clear,4.36,1.22,0.1,115.6,39.1976,1,0,0,0,0,1
626,23.66,3,Medium,Clear,3.53,0.61,0.15,52.82,25.8856,0,0,1,0,1,0
629,13.37,2,Low,Rain,2.85,1.92,0.19,114.32,50.2412,1,0,0,0,1,0
630,35.95,2,Low,Clear,3.13,0.92,0.41,33.13,49.78730000000001,0,1,0,0,1,0
633,27.07,1,Medium,Clear,2.23,0.74,0.25,35.88,31.2318,0,1,0,0,1,0
634,6.25,4,Medium,Snow,2.05,1.23,0.37,94.31,44.6322,0,0,0,1,0,1
637,12.88,2,Low,Clear,4.8,1.44,0.49,42.13,43.9909,0,0,1,0,0,1
639,19.49,4,Medium,Rain,4.41,0.69,0.22,76.0,34.5781,0,0,0,1,0,1
645,44.64,1,Medium,Rain,2.5,1.58,0.11,52.27,78.7809,0,1,0,0,1,0
648,39.67,1,Medium,Clear,3.88,1.16,0.23,52.06,61.871,0,1,0,0,1,0
649,25.42,4,Medium,Clear,4.84,1.43,0.2,67.58,54.7066,0,1,0,0,1,0
650,5.26,1,Low,Clear,3.74,1.65,0.31,67.5,33.344,0,0,1,0,1,0
652,29.76,3,Medium,Rain,2.15,1.94,0.14,20.5,62.7544,0,0,1,0,1,0
653,37.53,4,Low,Rain,2.19,1.84,0.48,62.05,101.0292,1,0,0,0,1,0
654,22.15,2,Low,Clear,2.56,0.91,0.42,24.45,32.985499999999995,0,0,1,0,0,1
656,14.91,1,Medium,Clear,4.23,1.28,0.38,112.25,65.9698,1,0,0,0,0,1
657,18.79,3,High,Rain,4.17,1.19,0.25,74.57,45.1726,1,0,0,0,0,1
659,28.97,3,Medium,Clear,4.51,1.37,0.41,51.21,65.195,1,0,0,0,1,0
660,18.45,4,Medium,Clear,2.46,1.59,0.49,109.53,85.4652,1,0,0,0,1,0
662,30.68,1,Medium,Clear,2.75,1.44,0.27,93.45,72.16069999999999,0,0,0,1,1,0
664,5.99,3,Medium,Clear,2.76,1.57,0.25,115.4,41.014300000000006,0,0,0,1,1,0
666,13.05,1,Low,Clear,3.22,1.79,0.12,103.2,38.9635,0,0,1,0,1,0
667,8.87,3,Low,Clear,4.96,1.19,0.37,24.8,24.6913,0,0,0,1,1,0
670,9.5,1,Low,Clear,2.16,1.22,0.43,36.15,29.2945,1,0,0,0,1,0
672,4.93,1,Medium,Clear,2.16,1.07,0.29,8.67,9.9494,0,1,0,0,0,1
673,26.7,4,Medium,Clear,4.51,1.62,0.22,13.75,50.789,0,1,0,0,1,0
674,21.11,3,High,Clear,3.54,0.65,0.36,36.5,30.4015,0,1,0,0,0,1
675,49.14,3,High,Rain,3.58,1.21,0.22,27.99,69.1972,1,0,0,0,1,0
677,20.49,1,High,Clear,2.51,1.66,0.39,96.76,74.2598,1,0,0,0,1,0
679,43.41,2,Low,Rain,2.96,1.25,0.14,5.66,58.0149,1,0,0,0,1,0
681,13.64,2,Medium,Rain,2.63,1.11,0.16,51.91,26.076,0,0,0,1,0,1
682,9.37,1,Medium,Clear,2.35,1.67,0.13,18.1,20.3509,1,0,0,0,1,0
684,46.54,2,Low,Rain,2.07,0.84,0.22,85.74,60.0264,0,0,1,0,1,0
685,28.28,2,Medium,Rain,4.41,1.88,0.16,87.9,71.6404,0,1,0,0,1,0
687,14.72,4,Medium,Clear,2.89,1.07,0.47,5.01,20.9951,1,0,0,0,1,0
688,38.71,2,Medium,Rain,2.41,1.25,0.31,114.7,86.3545,1,0,0,0,1,0
690,16.86,1,Medium,Clear,4.09,1.34,0.45,108.96,75.7144,0,0,1,0,1,0
691,21.85,3,High,Rain,3.93,1.23,0.26,6.8,32.5735,1,0,0,0,1,0
693,12.88,4,Medium,Rain,4.81,0.76,0.18,98.13,32.2622,0,0,1,0,1,0
694,6.63,4,Medium,Clear,4.08,1.72,0.25,101.28,40.8036,1,0,0,0,0,1
695,30.92,4,Low,Rain,2.47,1.31,0.23,15.73,46.5931,0,0,1,0,1,0
696,15.14,3,Low,Rain,2.73,0.7,0.37,89.96,46.61319999999999,0,0,1,0,1,0
699,24.58,1,Medium,Clear,2.22,1.92,0.13,70.61,58.59289999999999,1,0,0,0,0,1
701,3.54,2,Low,Snow,3.21,0.7,0.26,55.94,20.2324,1,0,0,0,0,1
702,17.49,2,Low,Clear,4.76,1.28,0.47,73.92,61.8896,1,0,0,0,1,0
704,4.11,4,Low,Snow,2.27,1.9,0.37,112.28,51.6226,1,0,0,0,0,1
705,49.51,2,Medium,Clear,4.84,0.78,0.2,13.75,46.207800000000006,0,0,1,0,0,1
708,13.48,3,Low,Rain,3.21,1.07,0.22,96.07,38.769,1,0,0,0,1,0
713,21.18,2,Low,Rain,3.05,1.26,0.32,51.27,46.1432,1,0,0,0,1,0
714,18.09,4,Medium,Clear,4.32,0.72,0.25,7.7,19.2698,0,0,1,0,1,0
715,46.55,3,High,Clear,4.41,1.42,0.3,42.88,83.375,0,0,0,1,1,0
717,48.29,3,Medium,Rain,3.1,1.57,0.23,109.74,104.1555,1,0,0,0,0,1
719,36.81,2,Low,Clear,2.45,1.87,0.39,19.66,78.95210000000002,0,0,1,0,1,0
720,46.98,4,Low,Clear,4.4,1.92,0.45,15.7,101.6666,0,0,1,0,0,1
721,9.88,1,Medium,Clear,4.12,0.87,0.18,72.77,25.8142,0,0,1,0,0,1
723,37.31,2,High,Clear,3.1,0.95,0.46,35.63,54.9343,0,0,1,0,1,0
724,29.15,2,Medium,Clear,2.32,1.84,0.24,108.44,81.9816,1,0,0,0,1,0
727,39.97,3,Medium,Rain,4.96,0.67,0.15,107.38,47.846900000000005,0,0,0,1,1,0
730,9.05,2,Medium,Clear,3.74,0.51,0.18,59.73,19.1069,1,0,0,0,0,1
731,40.91,1,Medium,Clear,4.73,1.16,0.28,19.1,57.53359999999999,1,0,0,0,1,0
732,33.59,1,Low,Rain,3.66,0.57,0.42,111.71,69.7245,1,0,0,0,1,0
735,43.98,4,Low,Clear,4.53,1.21,0.32,47.22,72.8562,0,1,0,0,0,1
740,23.67,1,Medium,Snow,4.76,1.73,0.38,43.49,62.2353,0,1,0,0,1,0
742,37.63,4,Medium,Clear,3.63,0.68,0.11,85.34,38.6058,0,1,0,0,1,0
743,25.63,3,Medium,Rain,4.22,1.3,0.26,85.95,59.886,0,0,1,0,1,0
744,12.38,2,Medium,Rain,4.27,0.93,0.23,61.64,29.9606,1,0,0,0,1,0
746,19.81,3,Low,Rain,2.5,1.5,0.19,61.26,43.8544,0,0,1,0,1,0
748,45.42,3,Medium,Clear,4.16,0.74,0.47,27.93,50.89789999999999,0,1,0,0,0,1
750,6.73,4,Low,Clear,3.39,1.78,0.47,9.87,20.0083,1,0,0,0,1,0
751,47.05,4,Low,Snow,2.52,1.87,0.49,77.86,128.6549,0,0,1,0,1,0
752,31.76,3,Low,Clear,3.01,0.9,0.1,33.58,34.952,0,0,1,0,1,0
754,7.82,2,Low,Rain,3.2,0.98,0.27,93.64,36.1464,0,0,0,1,0,1
755,39.91,4,Medium,Clear,3.65,1.33,0.44,42.63,75.4875,0,1,0,0,1,0
756,31.38,4,High,Clear,3.86,0.58,0.2,32.85,28.6304,0,0,0,1,1,0
757,27.14,2,Medium,Clear,3.99,0.57,0.49,24.44,31.4354,1,0,0,0,0,1
758,44.8,1,Low,Clear,4.51,1.58,0.35,94.11,108.2325,0,0,1,0,0,1
759,39.64,4,Medium,Rain,2.65,1.17,0.42,19.92,57.3952,1,0,0,0,1,0
762,13.18,4,Medium,Clear,2.47,1.5,0.4,84.05,55.86,0,0,1,0,1,0
763,37.45,4,Low,Clear,4.92,0.5,0.11,77.83,32.2063,1,0,0,0,1,0
764,2.64,1,Medium,Snow,4.53,1.71,0.43,98.23,51.2833,0,0,1,0,1,0
765,28.92,1,Medium,Clear,3.5,0.62,0.11,10.15,22.5469,1,0,0,0,0,1
766,38.36,3,Medium,Clear,4.94,0.79,0.36,39.09,49.3168,0,1,0,0,1,0
769,41.24,1,High,Clear,3.91,1.03,0.38,38.26,60.92600000000001,1,0,0,0,1,0
771,42.48,4,High,Clear,4.79,1.95,0.14,65.02,96.7288,0,1,0,0,1,0
775,8.35,4,Medium,Clear,3.96,1.81,0.4,43.66,36.5375,1,0,0,0,1,0
776,12.23,4,Medium,Clear,2.77,0.95,0.3,38.38,25.9025,1,0,0,0,1,0
779,32.42,4,Low,Clear,2.58,1.41,0.11,14.18,49.852,0,1,0,0,1,0
780,35.0,2,Low,Snow,4.48,1.36,0.23,53.07,64.2861,0,0,1,0,1,0
781,27.59,1,Medium,Clear,3.69,0.58,0.49,113.43,75.27289999999999,0,0,0,1,0,1
784,9.9,3,Medium,Clear,2.62,0.81,0.34,102.33,45.4312,1,0,0,0,0,1
785,45.51,4,Medium,Rain,3.71,1.26,0.44,89.21,100.305,0,1,0,0,1,0
786,29.59,4,High,Snow,4.6,1.32,0.28,75.26,64.73160000000001,1,0,0,0,0,1
792,25.79,2,Medium,Clear,4.86,0.66,0.13,66.91,30.5797,1,0,0,0,1,0
793,30.96,2,High,Clear,2.96,1.24,0.18,69.98,53.9468,1,0,0,0,1,0
795,43.73,4,Low,Clear,4.64,1.97,0.44,108.76,138.6425,0,0,1,0,1,0
798,35.14,2,Medium,Clear,4.17,1.05,0.11,113.49,53.550900000000006,0,0,1,0,0,1
800,35.65,4,Low,Rain,4.35,0.69,0.42,35.49,43.8543,0,0,0,1,0,1
801,8.47,2,High,Clear,3.33,1.15,0.2,61.93,25.4565,0,1,0,0,0,1
803,30.73,3,Medium,Rain,4.33,1.83,0.19,63.09,72.553,0,0,1,0,0,1
806,46.78,3,Medium,Clear,3.13,1.75,0.17,34.03,90.7801,1,0,0,0,0,1
807,46.35,1,Medium,Clear,3.1,0.95,0.24,89.15,68.52850000000001,0,0,1,0,1,0
809,6.55,3,Medium,Rain,4.43,0.55,0.3,45.41,21.6555,0,0,1,0,0,1
810,49.26,4,Low,Clear,3.09,1.95,0.29,35.46,109.4304,1,0,0,0,1,0
811,42.11,1,High,Clear,3.57,1.29,0.21,45.23,67.3902,0,1,0,0,1,0
812,7.11,2,Low,Rain,4.01,0.95,0.11,86.46,20.2751,0,0,1,0,1,0
815,26.42,3,Low,Clear,4.8,1.98,0.22,16.49,60.7394,0,0,0,1,0,1
816,29.97,3,Medium,Clear,4.17,0.56,0.45,97.58,64.86420000000001,0,0,1,0,1,0
817,20.55,3,Low,Snow,3.73,1.48,0.4,47.54,53.16,0,1,0,0,1,0
818,3.68,3,Medium,Clear,3.94,1.16,0.44,79.58,43.224,1,0,0,0,1,0
819,17.42,4,Medium,Clear,2.09,1.92,0.3,88.42,62.0624,1,0,0,0,1,0
820,40.34,1,Medium,Clear,3.85,0.87,0.15,29.11,43.31230000000001,0,0,1,0,0,1
823,20.51,3,Medium,Snow,3.08,1.55,0.28,54.3,50.07450000000001,0,1,0,0,1,0
824,27.33,4,High,Clear,2.24,0.6,0.13,25.97,22.0141,1,0,0,0,1,0
825,46.07,3,High,Clear,2.58,0.79,0.43,113.36,87.7201,1,0,0,0,0,1
826,17.97,3,Low,Clear,4.85,0.82,0.15,91.83,33.3599,0,0,1,0,0,1
828,37.14,3,Low,Clear,3.4,0.78,0.45,43.84,52.0972,0,1,0,0,1,0
831,23.17,2,Low,Clear,4.15,1.79,0.35,93.07,78.1988,1,0,0,0,1,0
832,7.9,3,Medium,Clear,3.61,1.91,0.42,55.74,42.1098,1,0,0,0,1,0
834,25.42,4,Low,Snow,2.73,1.03,0.41,49.45,49.1871,0,1,0,0,1,0
837,18.76,2,High,Clear,2.57,0.9,0.29,117.24,53.4536,1,0,0,0,1,0
841,33.51,4,Low,Rain,3.94,1.09,0.32,67.27,61.9923,1,0,0,0,0,1
842,9.72,2,High,Clear,3.95,1.54,0.17,101.99,36.2571,1,0,0,0,0,1
843,48.09,1,High,Clear,4.47,1.23,0.29,92.6,90.4747,1,0,0,0,0,1
844,8.28,4,Medium,Snow,3.25,1.27,0.49,11.7,19.4986,0,0,0,1,1,0
847,49.85,3,Medium,Clear,4.94,1.21,0.11,104.35,76.737,0,0,1,0,1,0
849,30.17,4,Medium,Clear,4.13,1.91,0.36,103.47,99.0039,1,0,0,0,1,0
851,37.75,2,Medium,Snow,3.55,0.56,0.12,44.99,30.0888,0,1,0,0,1,0
853,45.0,3,High,Clear,3.71,1.32,0.32,28.19,72.13080000000001,0,1,0,0,0,1
854,11.05,4,Medium,Clear,4.76,0.75,0.18,14.0,15.5675,0,0,0,1,1,0
859,4.22,3,Low,Clear,4.02,1.81,0.16,83.98,25.095,0,1,0,0,1,0
860,39.0,1,Low,Clear,2.19,1.56,0.43,64.81,90.8983,0,1,0,0,0,1
861,23.21,4,Medium,Clear,3.4,1.18,0.15,100.48,45.85979999999999,1,0,0,0,1,0
862,26.7,1,Medium,Clear,2.72,1.31,0.19,53.21,47.8069,0,0,1,0,0,1
863,22.6,1,Medium,Clear,3.41,1.77,0.28,27.31,51.058800000000005,1,0,0,0,1,0
864,20.64,3,Low,Clear,3.37,1.22,0.31,37.76,40.2564,0,0,0,1,1,0
865,28.42,3,Medium,Snow,3.75,1.06,0.41,63.09,59.74210000000001,0,0,0,1,1,0
866,8.61,3,Low,Clear,3.07,1.24,0.28,66.1,32.2544,0,0,1,0,1,0
868,43.23,2,Low,Rain,3.51,0.78,0.35,96.01,70.8329,0,0,1,0,1,0
870,19.29,3,Low,Clear,3.99,1.51,0.16,94.79,48.2843,0,1,0,0,0,1
874,2.24,3,Medium,Clear,2.63,0.68,0.33,13.69,8.6709,0,1,0,0,0,1
875,8.65,3,Medium,Rain,2.12,0.62,0.26,33.37,16.1592,1,0,0,0,1,0
877,33.29,3,High,Clear,4.48,1.1,0.19,52.09,50.996100000000006,1,0,0,0,1,0
879,11.88,2,Medium,Clear,4.67,0.63,0.27,39.27,22.7573,1,0,0,0,1,0
880,12.32,3,Low,Clear,3.8,1.15,0.31,6.37,19.9427,1,0,0,0,1,0
881,33.92,4,Low,Clear,3.59,0.76,0.17,39.58,36.09780000000001,0,1,0,0,0,1
882,1.97,1,Medium,Clear,2.08,1.98,0.37,71.48,32.428200000000004,1,0,0,0,1,0
884,40.2,3,High,Clear,3.38,1.53,0.2,66.51,78.18800000000002,0,0,1,0,1,0
885,9.75,1,Medium,Clear,3.89,0.99,0.3,105.81,45.2855,1,0,0,0,0,1
886,32.98,3,High,Clear,3.67,0.64,0.49,109.94,78.64779999999999,0,0,1,0,1,0
888,5.87,4,Low,Clear,2.84,0.93,0.34,58.15,28.0701,0,1,0,0,0,1
890,36.39,4,Low,Clear,2.26,1.47,0.34,114.15,94.5643,0,0,1,0,1,0
891,42.93,2,Medium,Clear,3.24,0.54,0.14,119.84,43.19980000000001,1,0,0,0,1,0
894,33.74,4,High,Rain,4.97,0.92,0.42,48.47,56.3682,1,0,0,0,1,0
895,11.04,2,High,Clear,2.83,0.59,0.38,5.93,11.596999999999998,0,1,0,0,0,1
896,15.36,1,Low,Clear,3.49,0.74,0.34,6.06,16.9168,1,0,0,0,1,0
897,44.92,2,Low,Clear,2.99,1.84,0.28,57.97,101.8744,0,0,1,0,1,0
898,1.64,3,Low,Clear,3.32,1.53,0.44,61.16,32.7396,1,0,0,0,1,0
899,5.19,4,Low,Rain,4.57,0.87,0.48,7.6,12.7333,0,1,0,0,1,0
902,9.89,2,Low,Snow,2.61,1.36,0.33,69.39,38.95910000000001,0,1,0,0,1,0
908,13.71,3,Low,Clear,3.54,0.76,0.3,27.87,22.3206,1,0,0,0,1,0
912,31.58,1,Medium,Rain,4.57,0.88,0.24,91.7,54.3684,0,0,0,1,0,1
913,21.06,3,Medium,Clear,3.19,1.74,0.28,17.7,44.7904,1,0,0,0,0,1
914,28.05,1,Medium,Clear,2.6,1.23,0.15,58.8,45.9215,1,0,0,0,1,0
915,22.37,3,Medium,Clear,3.27,1.32,0.12,13.15,34.376400000000004,0,1,0,0,1,0
916,15.43,3,Medium,Clear,3.16,0.96,0.41,73.79,48.2267,0,1,0,0,0,1
918,38.42,1,Low,Clear,4.29,0.63,0.4,65.68,54.76660000000001,1,0,0,0,1,0
919,7.87,2,Low,Clear,3.52,1.57,0.16,64.51,26.1975,1,0,0,0,1,0
921,24.88,2,High,Clear,3.4,1.54,0.2,68.14,55.3432,0,0,1,0,0,1
922,44.83,3,Medium,Snow,2.17,1.09,0.19,72.04,64.7223,1,0,0,0,0,1
923,40.19,1,Medium,Clear,2.79,1.12,0.1,51.19,52.9218,1,0,0,0,1,0
924,21.84,4,Low,Clear,3.31,1.2,0.15,114.14,46.639,0,1,0,0,1,0
926,14.17,4,Low,Snow,4.84,0.65,0.15,37.82,19.7235,1,0,0,0,0,1
927,27.54,1,Low,Clear,4.3,0.96,0.49,102.08,80.7576,1,0,0,0,0,1
929,13.64,4,Medium,Rain,3.77,1.5,0.15,100.3,39.275,0,0,1,0,1,0
930,7.83,4,Medium,Clear,4.16,0.93,0.18,99.63,29.3753,1,0,0,0,1,0
931,41.91,2,Medium,Clear,4.82,1.19,0.34,26.72,63.7777,1,0,0,0,1,0
932,49.24,2,Medium,Clear,4.64,0.79,0.13,85.63,54.67150000000001,1,0,0,0,1,0
933,26.76,2,High,Clear,3.55,0.82,0.44,38.42,42.398,1,0,0,0,1,0
936,1.9,1,Low,Clear,3.66,0.82,0.28,88.44,29.9812,0,0,1,0,0,1
938,6.77,2,High,Clear,2.38,0.92,0.36,5.1,10.4444,1,0,0,0,0,1
940,14.43,4,High,Clear,2.81,1.46,0.21,24.69,29.0627,0,0,1,0,1,0
941,28.15,2,High,Clear,2.06,0.61,0.18,17.02,22.2951,1,0,0,0,1,0
942,32.92,4,Low,Clear,4.17,0.7,0.36,32.31,38.8456,0,1,0,0,1,0
944,11.11,3,Medium,Clear,3.79,1.01,0.17,59.73,25.1652,0,1,0,0,0,1
945,1.54,3,High,Clear,3.62,1.56,0.38,10.13,9.8718,1,0,0,0,1,0
948,43.82,4,Low,Clear,2.19,1.48,0.15,42.17,73.3691,1,0,0,0,1,0
949,30.27,4,Medium,Clear,3.66,0.67,0.41,41.65,41.0174,1,0,0,0,0,1
950,30.43,2,Medium,Clear,4.52,1.3,0.37,56.58,65.0136,0,0,1,0,0,1
951,33.59,4,Medium,Clear,4.99,1.16,0.15,77.02,55.5074,0,0,1,0,1,0
952,9.59,2,High,Clear,3.29,0.9,0.38,21.83,20.2164,1,0,0,0,0,1
954,21.52,3,High,Rain,4.72,1.81,0.48,103.83,93.5096,0,0,0,1,0,1
955,19.77,4,Low,Clear,2.57,2.0,0.16,34.47,47.6252,0,0,0,1,1,0
956,26.43,4,Medium,Clear,3.85,1.41,0.36,48.72,58.65549999999999,1,0,0,0,0,1
957,3.3,2,Low,Clear,3.22,1.11,0.25,105.2,33.183,1,0,0,0,0,1
958,9.15,2,Medium,Snow,2.12,0.84,0.48,81.26,48.8108,1,0,0,0,1,0
959,37.16,1,Medium,Snow,3.04,0.89,0.23,44.3,46.3014,0,1,0,0,0,1
965,18.43,2,Low,Clear,2.17,1.08,0.2,114.78,45.03040000000001,1,0,0,0,0,1
968,28.75,2,High,Rain,4.8,1.42,0.22,63.9,59.68299999999999,1,0,0,0,0,1
969,24.33,3,High,Clear,4.3,1.0,0.11,46.42,33.7362,0,0,1,0,1,0
971,46.9,4,High,Clear,4.47,0.56,0.21,84.34,48.44540000000001,0,1,0,0,1,0
972,36.9,4,Low,Clear,3.94,1.81,0.28,106.66,100.5938,0,0,1,0,0,1
974,2.53,2,Medium,Clear,4.14,1.1,0.45,110.59,56.688500000000005,0,0,1,0,1,0
975,13.85,4,Medium,Clear,4.77,1.25,0.38,98.75,59.6075,0,0,0,1,1,0
978,25.32,4,Medium,Rain,3.58,1.81,0.36,37.19,62.7976,0,1,0,0,0,1
979,30.25,2,Medium,Clear,2.38,1.17,0.48,17.18,46.0189,0,1,0,0,0,1
980,17.38,2,Low,Rain,3.78,1.01,0.1,17.91,23.1248,0,0,1,0,1,0
981,38.77,1,Medium,Clear,3.45,0.71,0.2,38.49,38.6747,0,1,0,0,1,0
982,6.22,4,Medium,Clear,3.87,1.16,0.47,75.63,46.6313,1,0,0,0,0,1
983,4.68,4,Medium,Rain,2.03,1.24,0.47,97.5,53.6582,1,0,0,0,0,1
984,36.68,4,Low,Clear,2.58,1.11,0.39,108.41,85.5747,0,0,1,0,1,0
986,34.73,4,Low,Clear,4.85,1.13,0.14,5.65,44.88589999999999,0,1,0,0,1,0
987,22.31,2,Low,Clear,3.15,1.94,0.31,26.43,54.6247,1,0,0,0,1,0
989,41.14,3,Medium,Rain,4.14,1.71,0.17,46.78,82.44200000000001,0,1,0,0,0,1
990,40.17,3,Low,Clear,3.81,0.66,0.42,62.66,56.6394,0,1,0,0,1,0
992,14.34,1,Medium,Clear,3.23,1.01,0.29,45.07,30.7837,1,0,0,0,1,0
994,18.69,3,Medium,Clear,4.9,1.79,0.17,79.41,51.8548,0,1,0,0,1,0
995,5.49,4,Medium,Clear,2.39,0.62,0.49,58.39,34.4049,1,0,0,0,0,1
998,47.56,1,Low,Clear,2.67,0.82,0.17,114.94,61.209,0,0,1,0,1,0
